-- Insert data into readdb_department table
INSERT INTO university_database.readdb_department (name, building, budget) VALUES
('AC', 'SNELL', 33000),
('AE', 'CAMP', 72000),
('BY', 'SCIENCE CENTER', 13500),
('CEE', 'CAMP', 47500),
('CHE', 'CAMP', 40000),
('COMM', 'SNELL', 20000),
('CS', 'SCIENCE CENTER', 560000),
('CSE', 'SNELL', 17000),
('DA', 'SNELL', 50500),
('EC', 'SNELL', 45000),
('ECE', 'CAMP', 65000),
('EM', NULL, 40000),
('ES', NULL, 30000),
('HIST', 'SNELL', 12700),
('HSS', 'SNELL', 34500),
('IA', NULL, 20000),
('LAW', 'SNELL', 45000),
('MA', 'SCIENCE CENTER', 55000),
('ME', 'CAMP', 50000),
('MK', 'SNELL', 25000),
('OIS', 'SNELL', 37500),
('PH', 'SCIENCE CENTER', 70000),
('PY', 'SCIENCE CENTER', 12500),
('SE', 'CAMP', 67000);

-- Insert data into readdb_course table
INSERT INTO university_database.readdb_course (id, title, credits, department_id) VALUES
('CS141', 'Intro. To Comp. Sci. I', 4, 'CS'),
('CS142', 'Intro. To Comp. Sci. II', 3, 'CS'),
('CS241', 'Computer Organization', 3, 'CS'),
('CS341', 'Programming Languages', 3, 'ECE'),
('CS344', 'Algorithms and Data Structures', 3, 'CS'),
('CS345', 'Automate Theory and Formal Languages', 3, 'CS'),
('CS350', 'Software Development and Design', 3, 'CS'),
('CS444', 'Operating Systems', 3, 'CS'),
('CS451', 'Artificial Intelligence', 3, 'CS'),
('CS452', 'Computer Graphics', 3, 'CS'),
('CS455', 'Computer Networks', 3, 'CS'),
('CS458', 'Formal Methods for Program Verification', 3, 'CS'),
('CS460', 'Database Systems', 3, 'ECE'),
('CS470', 'Deeping', 3, 'CS'),
('CS570', 'Deep Learning', 3, 'CS'),
('DS241', 'Introduction to Data Science', 3, 'MA'),
('EE221', 'Linear Circuits', 3, 'ECE'),
('EE260', 'Embeded Systems', 3, 'ECE'),
('EE262', 'Intro to Obj Oriented Prog', 3, 'ECE'),
('EE361', 'Fundamentals of Software Engineering', 3, 'ECE'),
('EE363', 'Software Components', 3, 'ECE'),
('EE368', 'Software Engineering', 3, 'ECE'),
('EE407', 'Computer Networks', 3, 'ECE'),
('EE408', 'Software Design for Visual Environments', 3, 'ECE'),
('EE462', 'Software Systems Architecture', 3, 'ECE'),
('EE468', 'Databases', 3, 'ECE'),
('EE523', 'Introduction to Biometrics', 3, 'ECE'),
('ES250', 'Electrical Science', 3, 'ES'),
('IA628', 'Intro to Big Data Architecture', 3, 'IA'),
('IA640', 'Info Visualization', 3, 'IA'),
('IA650', 'Data Mining', 3, 'IA'),
('IA651', 'Applied Machine Learning', 3, 'IA'),
('MA131', 'Calculus I', 3, 'MA'),
('MA132', 'Calculus II', 3, 'MA'),
('MA211', 'Discrete Math and Proof', 3, 'MA'),
('MA231', 'Calculus III', 3, 'MA'),
('MA339', 'Applied Linear Algebra', 3, 'MA'),
('PH131', 'Physics I', 3, 'PH'),
('STAT381', 'Probability', 3, 'MA'),
('STAT382', 'Statistics', 3, 'MA');


-- Insert data into readdb_instructor table
INSERT INTO university_database.readdb_instructor (id, name, department_id, salary) VALUES
('02441', 'Banerjee', 'CS', 100000),
('05133', 'Stein', 'HIST', 80000),
('10102', 'Hussain', 'ECE', 90000),
('11001', 'Swati', 'ECE', 15000),
('12345', 'Hou', 'ECE', 100000),
('12370', 'Skufca', 'MA', 132000),
('12371', 'Mondal', 'MA', 123000),
('13579', 'Ramsdell', 'PH', 105000),
('16498', 'Lynch', 'CS', 112000),
('20560', 'Conlon', 'OIS', 115000),
('21433', 'Thorpe', 'CS', 140000),
('22904', 'Khondker', 'ECE', 125000),
('23456', 'Martin', 'MA', 100000),
('28345', 'York', 'COMM', 125000),
('28346', 'Zhang', 'PY', 115000),
('34567', 'Maciel', 'CS', 800000),
('35420', 'King', 'CHE', 200000),
('37801', 'Imtiaz', 'ECE', 115000),
('43203', 'Gohl', 'IA', 78000),
('45678', 'Liu', 'CS', 110000),
('54545', 'Liu', 'ECE', 135000),
('65623', 'Lee', 'ECE', 115000),
('85732', 'Reynolds', 'MA', 108000),
('89067', 'TAMON', 'CS', 120000);

-- Insert data into readdb_prerequisite table
INSERT INTO university_database.readdb_prerequisite (course_id, prerequisite_course_id) VALUES
('CS142', 'CS141'),
('CS241', 'CS141'),
('CS460', 'CS141'),
('EE260', 'CS141'),
('EE262', 'CS141'),
('EE407', 'CS141'),
('EE462', 'CS141'),
('EE468', 'CS141'),
('CS344', 'CS142'),
('CS451', 'CS142'),
('CS455', 'CS241'),
('CS458', 'CS345'),
('CS344', 'EE262'),
('EE361', 'EE262'),
('EE363', 'EE262'),
('EE408', 'EE262'),
('CS341', 'EE361'),
('EE368', 'EE363'),
('EE368', 'EE408'),
('MA132', 'MA131'),
('MA231', 'MA132'),
('MA339', 'MA132'),
('CS344', 'MA211'),
('CS470', 'MA339'),
('STAT382', 'STAT381');

-- Insert data into readdb_section table
INSERT INTO university_database.readdb_section (section_name, semester, year, building, room, capacity, course_id) VALUES
('01', 1, 2019, 'CAMP', '194', 60, 'CS141'),
('01', 1, 2020, 'CAMP', '194', 60, 'CS141'),
('01', 2, 2019, 'CAMP', '194', 60, 'CS141'),
('02', 1, 2019, 'CAMP', '194', 60, 'CS141'),
('02', 1, 2020, 'CAMP', '194', 60, 'CS141'),
('02', 2, 2019, 'CAMP', '194', 60, 'CS141'),
('03', 1, 2020, 'CAMP', '194', 60, 'CS141'),
('03', 2, 2019, 'CAMP', '194', 60, 'CS141'),
('01', 1, 2019, 'CAMP', '194', 40, 'EE468'),
('01', 1, 2020, 'CAMP', '194', 40, 'EE468'),
('01', 2, 2019, 'CAMP', '194', 40, 'EE468'),
('02', 2, 2019, 'CAMP', '194', 40, 'EE468');

-- Insert data into readdb_student table
INSERT INTO university_database.readdb_student (id, name, department_id, total_credits) VALUES
('00128', 'Zhang', 'CS', 102),
('05401', 'Megan', 'CS', 30),
('05405', 'Alex', 'CS', 93),
('12345', 'Shankar', 'CS', 32),
('19991', 'Brandt', 'HIST', 80),
('44553', 'Peltier', 'PH', 56),
('45678', 'Levy', 'PH', 46),
('54321', 'Williams', 'CS', 54),
('70557', 'Snow', 'PH', 0),
('76543', 'Brown', 'CS', 58),
('76653', 'Aoi', 'ECE', 60),
('98765', 'Bourikas', 'ECE', 98),
('98988', 'Tanaka', 'BY', 120);

-- Insert data into readdb_takes table
INSERT INTO university_database.readdb_takes (student_id, course_id, section_id, semester, year, grade) VALUES
('00128', 'CS141', 15, 1, 2019, 'A'),
('00128', 'EE468', 21, 2, 2019, 'A-'),
('05401', 'EE468', 23, 2, 2019, 'C'),
('05405', 'EE468', 21, 1, 2020, 'D'),
('12345', 'CS141', 13, 2, 2019, 'C'),
('45678', 'CS141', 13, 2, 2019, 'F'),
('45678', 'CS141', 16, 1, 2020, 'B+'),
('54321', 'CS141', 13, 1, 2019, 'F'),
('98765', 'CS141', 16, 1, 2019, 'C-'),
('98765', 'EE468', 21, 1, 2020, 'B');



-- Insert data into readdb_teaches table
INSERT INTO university_database.readdb_teaches (instructor_id, course_id, section_id, semester, year) VALUES
('12345', 'EE468', 21, 1, 2019),
('12345', 'EE468', 21, 1, 2020),
('12345', 'EE468', 23, 2, 2019),
('12345', 'EE468', 24, 2, 2019),
('21433', 'CS141', 13, 1, 2019),
('21433', 'CS141', 13, 1, 2020),
('21433', 'CS141', 13, 2, 2019),
('21433', 'CS141', 16, 1, 2019),
('21433', 'CS141', 16, 1, 2020),
('21433', 'CS141', 18, 2, 2019),
('21433', 'CS141', 19, 1, 2020),
('21433', 'CS141', 20, 2, 2019);

